brand_name,niche,description,website,blog_links,blog_idea_examples
Hazoorilal Legacy,Luxury Jewellery,"Renowned for its exquisite bridal and diamond jewellery, blending traditional craftsmanship with contemporary designs.",https://www.hazoorilallegacy.com,https://www.hazoorilallegacy.com/blogs/news,The Evolution of Bridal Jewellery Through Generations; Why Investing in Timeless Diamonds Is Always in Style; Gold vs. Polki: Choosing the Right Shine for Your Big Day; The Story Behind Our Signature Wedding Sets; Styling Fine Jewellery for the Modern Indian Bride
Gaia by Archie,Women's Fashion,"Timeless fashion for the modern woman, focusing on elegance and purpose.",https://gaiacoutures.com,https://gaiacoutures.com/blogs/news,Red Carpet Looks with a Conscious Twist; What Makes a Multi-Designer Store Different?; How Gaia Curates Luxury from the New-Age Designers; 5 Party-Ready Outfits That Make a Statement; Luxury Meets Accessibility: The Gaia Shopping Experience
Shaira Fashions,Modest Women's Wear,Luxury multibrand women's wear boutique curating unique evening wear and modest fashion.,https://www.shairaonline.com,https://www.shairaonline.com/blogs/news,The Rise of Modest Fashion in Dubai; From Resort to Runway: Kaftans You Can’t Miss; 5 Designer Jalabiyas That Make You Feel Regal; Eveningwear for Every Celebration; Curating Global Fashion for the Middle Eastern Woman
Contemponari,Contemporary Women's Fashion,"Modern women’s fashion blending elegance, versatility, and quality.",https://contemponari.com,https://contemponari.com/blogs/contemponari-diaries,What is Quiet Luxury? A Guide to Understated Style; Design Meets Function: The Contemponari Way; The Power of a Well-Tailored Dress; Bringing Italian Minimalism to Indian Fashion; Essentials That Transition from Day to Night
Ridhi Mehra,Designer Ethnic Wear,Refined Indian dressing with clean lines and delicate details.,https://ridhimehra.com,https://ridhimehra.com/blogs/blog,How to Dress Like a Minimalist Bride; Florals and Flows: Inside Ridhi Mehra’s Design DNA; Destination Wedding Looks That Aren’t Overdone; Bridal Lehengas You Can Actually Rewear; Why Subtle Glam Is Here to Stay
Richa Ahluwalia,Indian Couture,Traditional handcraftsmanship with luxurious fabrics inspired by Indian heritage.,https://www.richaahluwalia.com,https://www.richaahluwalia.com/blogs/news,What Defines Richa Ahluwalia's Signature Style?; 5 Must-Have Pieces from Richa Ahluwalia's Latest Collection; The Craft Behind Richa Ahluwalia's Artisanal Techniques; Why Richa Ahluwalia Is Reshaping Indian Fashion Narratives; Modern Luxury: Inside the World of Richa Ahluwalia
Aisha Rao,Luxury Indian Couture,"Vibrant appliqué work using fabric waste; bold, sustainable designs.",https://aisharao.com,https://aisharao.com/blogs/news,The Art of Upcycled Couture; How Aisha Rao Blends Chaos into Beauty; Bold Brides: Why Colorful Lehengas Are the Future; Sustainable Fashion Can Still Be Couture; Fabric Waste to Fashion Treasure: Aisha Rao’s Journey
Drzya,Women's Ethnic Wear,"Luxury women's wear with elegance, blending tradition and modernity.",https://ridhiieesuuri.com,https://growify.in/blogs/case-studies/drzya-by-ridhi-suri,Pret but Powerful: Why Everyday Ethnicwear Matters; Effortless Elegance for the Everyday Woman; Decoding the ‘Everyday Festive’ Wardrobe; Why Comfort and Craft Can Go Hand-in-Hand; Wearing Tradition with a Twist
Mahima Mahajan,Designer Ethnic Wear,Contemporary silhouettes and intricate embroidery for modern Indian women.,https://mahimamahajan.com,,What Defines Mahima Mahajan's Signature Style?; 5 Must-Have Pieces from Mahima Mahajan's Latest Collection; The Craft Behind Mahima Mahajan's Artisanal Techniques; Why Mahima Mahajan Is Reshaping Indian Fashion Narratives; Modern Luxury: Inside the World of Mahima Mahajan
Notebook,Women's Officewear,Minimal and modern workwear for Indian women.,https://thenotebookofficial.com,,5 Outfits for Your First Week at Work; Why Indian Women Are Redefining Office Fashion; The Capsule Workwear Wardrobe for 2025; Style + Comfort: Notebook’s Take on Corporate Clothing; Dresses That Work Overtime: Office to After-Hours
Anmol Jewellers,Fine Jewellery,Exquisite fine jewellery blending traditional and modern aesthetics.,https://www.anmoljewellers.in,,What Defines Anmol Jewellers's Signature Style?; 5 Must-Have Pieces from Anmol Jewellers's Latest Collection; The Craft Behind Anmol Jewellers's Artisanal Techniques; Why Anmol Jewellers Is Reshaping Indian Fashion Narratives; Modern Luxury: Inside the World of Anmol Jewellers
Heritage Punjab,Punjabi Ethnic Wear,Traditional Punjabi attire celebrating Punjab’s rich cultural heritage.,https://www.heritagepunjab.com,,What Defines Heritage Punjab's Signature Style?; 5 Must-Have Pieces from Heritage Punjab's Latest Collection; The Craft Behind Heritage Punjab's Artisanal Techniques; Why Heritage Punjab Is Reshaping Indian Fashion Narratives; Modern Luxury: Inside the World of Heritage Punjab
Tarun Tahiliani,Luxury Bridal Couture,Luxury bridal couture known for opulence and structured drapes.,https://www.taruntahiliani.com,,What Defines Tarun Tahiliani's Signature Style?; 5 Must-Have Pieces from Tarun Tahiliani's Latest Collection; The Craft Behind Tarun Tahiliani's Artisanal Techniques; Why Tarun Tahiliani Is Reshaping Indian Fashion Narratives; Modern Luxury: Inside the World of Tarun Tahiliani
Mukti & Kavith,Contemporary Women's Fashion,Contemporary fashion blending modern and traditional design elements.,https://www.muktiandkavith.com,,"What Makes Our Indo-Western Sets Different from Everyone Else’s?; Why the ‘Vibrant Wedding’ Collection Is a Modern Groom’s Dream; Inside ‘Hidden Cosmos’: How We Designed Our Most Mysterious Collection Yet; The Role of Handwork in Preserving Indian Heritage Through Fashion; Zardozi, Resham, and More: The Embroidery Techniques We Swear By; Custom vs Ready-to-Wear: How We Help You Choose the Right Path; How We Blend Royal Heritage with Global Groom Trends; Decoding Global Menswear Trends Through an Indian Lens; British Heritage Meets Indian Craft: A London Fashion Week Perspective"
